account_id,usage_month,active_seats,total_api_calls,credits_consumed,account_name,global_region,industry_vertical,contract_tier,total_licensed_seats,monthly_credit_allowance
ACC_0001,2026-03,99,67196,58384,BizCorp_0001,APAC,Manufacturing,Enterprise,158,113112
ACC_0001,2026-04,105,62379,48540,BizCorp_0001,APAC,Manufacturing,Enterprise,158,113112
ACC_0001,2026-05,102,75938,60829,BizCorp_0001,APAC,Manufacturing,Enterprise,158,113112
ACC_0001,2026-06,121,84521,68487,BizCorp_0001,APAC,Manufacturing,Enterprise,158,113112
ACC_0001,2026-07,146,96389,82184,BizCorp_0001,APAC,Manufacturing,Enterprise,158,113112
ACC_0001,2026-08,158,109863,98621,BizCorp_0001,APAC,Manufacturing,Enterprise,158,113112
ACC_0002,2026-03,7,5542,4613,BizCorp_0002,APAC,Financial Services,Standard,12,7286
ACC_0002,2026-04,8,4838,3904,BizCorp_0002,APAC,Financial Services,Standard,12,7286
ACC_0002,2026-05,7,4608,3738,BizCorp_0002,APAC,Financial Services,Standard,12,7286
ACC_0002,2026-06,3,2421,2059,BizCorp_0002,APAC,Financial Services,Standard,12,7286
ACC_0002,2026-07,1,1285,1029,BizCorp_0002,APAC,Financial Services,Standard,12,7286
ACC_0002,2026-08,1,583,514,BizCorp_0002,APAC,Financial Services,Standard,12,7286
ACC_0003,2026-03,259,280627,223225,BizCorp_0003,AMER,Retail,Enterprise,480,385929
ACC_0003,2026-04,275,275039,231445,BizCorp_0003,AMER,Retail,Enterprise,480,385929
ACC_0003,2026-05,279,308771,245301,BizCorp_0003,AMER,Retail,Enterprise,480,385929
ACC_0003,2026-06,134,157931,122241,BizCorp_0003,AMER,Retail,Enterprise,480,385929
ACC_0003,2026-07,67,76228,61120,BizCorp_0003,AMER,Retail,Enterprise,480,385929
ACC_0003,2026-08,33,37642,30560,BizCorp_0003,AMER,Retail,Enterprise,480,385929
ACC_0004,2026-03,14,16631,13303,BizCorp_0004,AMER,Technology,Premium,25,21952
ACC_0004,2026-04,15,12697,11140,BizCorp_0004,AMER,Technology,Premium,25,21952
ACC_0004,2026-05,13,13399,11213,BizCorp_0004,AMER,Technology,Premium,25,21952
ACC_0004,2026-06,7,7709,6071,BizCorp_0004,AMER,Technology,Premium,25,21952
ACC_0004,2026-07,3,3382,3035,BizCorp_0004,AMER,Technology,Premium,25,21952
ACC_0004,2026-08,1,1794,1517,BizCorp_0004,AMER,Technology,Premium,25,21952
ACC_0005,2026-03,3,7124,5757,BizCorp_0005,AMER,Logistics,Standard,5,14195
ACC_0005,2026-04,3,9110,7134,BizCorp_0005,AMER,Logistics,Standard,5,14195
ACC_0005,2026-05,3,7432,5895,BizCorp_0005,AMER,Logistics,Standard,5,14195
ACC_0005,2026-06,3,7717,6370,BizCorp_0005,AMER,Logistics,Standard,5,14195
ACC_0005,2026-07,3,6429,5707,BizCorp_0005,AMER,Logistics,Standard,5,14195
ACC_0005,2026-08,3,7874,6498,BizCorp_0005,AMER,Logistics,Standard,5,14195
ACC_0006,2026-03,366,324140,269902,BizCorp_0006,EMEA,Technology,Enterprise,460,385706
ACC_0006,2026-04,382,328662,256880,BizCorp_0006,EMEA,Technology,Enterprise,460,385706
ACC_0006,2026-05,376,289478,251319,BizCorp_0006,EMEA,Technology,Enterprise,460,385706
ACC_0006,2026-06,179,145544,126621,BizCorp_0006,EMEA,Technology,Enterprise,460,385706
ACC_0006,2026-07,89,77715,63310,BizCorp_0006,EMEA,Technology,Enterprise,460,385706
ACC_0006,2026-08,44,39668,31655,BizCorp_0006,EMEA,Technology,Enterprise,460,385706
ACC_0007,2026-03,57,16923,14661,BizCorp_0007,AMER,Technology,Premium,96,38231
ACC_0007,2026-04,60,17881,15857,BizCorp_0007,AMER,Technology,Premium,96,38231
ACC_0007,2026-05,59,20580,16580,BizCorp_0007,AMER,Technology,Premium,96,38231
ACC_0007,2026-06,74,20923,18802,BizCorp_0007,AMER,Technology,Premium,96,38231
ACC_0007,2026-07,89,26657,22562,BizCorp_0007,AMER,Technology,Premium,96,38231
ACC_0007,2026-08,96,32720,27075,BizCorp_0007,AMER,Technology,Premium,96,38231
ACC_0008,2026-03,131,245633,190530,BizCorp_0008,EMEA,Technology,Enterprise,317,278389
ACC_0008,2026-04,121,238643,196392,BizCorp_0008,EMEA,Technology,Enterprise,317,278389
ACC_0008,2026-05,134,231567,199675,BizCorp_0008,EMEA,Technology,Enterprise,317,278389
ACC_0008,2026-06,161,249165,211516,BizCorp_0008,EMEA,Technology,Enterprise,317,278389
ACC_0008,2026-07,193,324464,253819,BizCorp_0008,EMEA,Technology,Enterprise,317,278389
ACC_0008,2026-08,232,385951,304583,BizCorp_0008,EMEA,Technology,Enterprise,317,278389
ACC_0009,2026-03,8,3255,2639,BizCorp_0009,AMER,Healthcare,Standard,15,6674
ACC_0009,2026-04,9,3695,2914,BizCorp_0009,AMER,Healthcare,Standard,15,6674
ACC_0009,2026-05,9,3770,3124,BizCorp_0009,AMER,Healthcare,Standard,15,6674
ACC_0009,2026-06,9,3458,2806,BizCorp_0009,AMER,Healthcare,Standard,15,6674
ACC_0009,2026-07,8,3402,2672,BizCorp_0009,AMER,Healthcare,Standard,15,6674
ACC_0009,2026-08,8,2953,2534,BizCorp_0009,AMER,Healthcare,Standard,15,6674
ACC_0010,2026-03,8,8755,6914,BizCorp_0010,APAC,Manufacturing,Standard,16,10635
ACC_0010,2026-04,8,6205,5622,BizCorp_0010,APAC,Manufacturing,Standard,16,10635
ACC_0010,2026-05,8,8648,7392,BizCorp_0010,APAC,Manufacturing,Standard,16,10635
ACC_0010,2026-06,10,9488,7714,BizCorp_0010,APAC,Manufacturing,Standard,16,10635
ACC_0010,2026-07,12,11629,9257,BizCorp_0010,APAC,Manufacturing,Standard,16,10635
ACC_0010,2026-08,14,13666,11108,BizCorp_0010,APAC,Manufacturing,Standard,16,10635
ACC_0011,2026-03,13,5275,4688,BizCorp_0011,AMER,Healthcare,Standard,19,13785
ACC_0011,2026-04,15,6101,5335,BizCorp_0011,AMER,Healthcare,Standard,19,13785
ACC_0011,2026-05,15,6408,5653,BizCorp_0011,AMER,Healthcare,Standard,19,13785
ACC_0011,2026-06,15,6315,5624,BizCorp_0011,AMER,Healthcare,Standard,19,13785
ACC_0011,2026-07,15,6689,5964,BizCorp_0011,AMER,Healthcare,Standard,19,13785
ACC_0011,2026-08,13,6101,4939,BizCorp_0011,AMER,Healthcare,Standard,19,13785
ACC_0012,2026-03,7,8293,6768,BizCorp_0012,APAC,Technology,Standard,14,10925
ACC_0012,2026-04,7,8795,6925,BizCorp_0012,APAC,Technology,Standard,14,10925
ACC_0012,2026-05,7,7357,5674,BizCorp_0012,APAC,Technology,Standard,14,10925
ACC_0012,2026-06,9,9652,7682,BizCorp_0012,APAC,Technology,Standard,14,10925
ACC_0012,2026-07,11,10781,9219,BizCorp_0012,APAC,Technology,Standard,14,10925
ACC_0012,2026-08,13,13115,11062,BizCorp_0012,APAC,Technology,Standard,14,10925
ACC_0013,2026-03,52,81070,67669,BizCorp_0013,APAC,Technology,Enterprise,136,124025
ACC_0013,2026-04,57,84963,66465,BizCorp_0013,APAC,Technology,Enterprise,136,124025
ACC_0013,2026-05,57,70513,62114,BizCorp_0013,APAC,Technology,Enterprise,136,124025
ACC_0013,2026-06,29,41749,34666,BizCorp_0013,APAC,Technology,Enterprise,136,124025
ACC_0013,2026-07,14,21321,17333,BizCorp_0013,APAC,Technology,Enterprise,136,124025
ACC_0013,2026-08,7,10600,8666,BizCorp_0013,APAC,Technology,Enterprise,136,124025
ACC_0014,2026-03,18,24173,21037,BizCorp_0014,AMER,Healthcare,Premium,31,35256
ACC_0014,2026-04,19,24692,20747,BizCorp_0014,AMER,Healthcare,Premium,31,35256
ACC_0014,2026-05,19,27987,22687,BizCorp_0014,AMER,Healthcare,Premium,31,35256
ACC_0014,2026-06,21,31125,26665,BizCorp_0014,AMER,Healthcare,Premium,31,35256
ACC_0014,2026-07,26,38362,31999,BizCorp_0014,AMER,Healthcare,Premium,31,35256
ACC_0014,2026-08,31,44733,38398,BizCorp_0014,AMER,Healthcare,Premium,31,35256
ACC_0015,2026-03,37,52748,42531,BizCorp_0015,EMEA,Technology,Premium,79,61660
ACC_0015,2026-04,36,41996,32565,BizCorp_0015,EMEA,Technology,Premium,79,61660
ACC_0015,2026-05,35,48742,40696,BizCorp_0015,EMEA,Technology,Premium,79,61660
ACC_0015,2026-06,45,57337,45810,BizCorp_0015,EMEA,Technology,Premium,79,61660
ACC_0015,2026-07,55,68063,54973,BizCorp_0015,EMEA,Technology,Premium,79,61660
ACC_0015,2026-08,66,81085,65967,BizCorp_0015,EMEA,Technology,Premium,79,61660
ACC_0016,2026-03,36,11548,10054,BizCorp_0016,APAC,Manufacturing,Premium,66,33730
ACC_0016,2026-04,39,12039,9944,BizCorp_0016,APAC,Manufacturing,Premium,66,33730
ACC_0016,2026-05,37,14391,11893,BizCorp_0016,APAC,Manufacturing,Premium,66,33730
ACC_0016,2026-06,45,14537,12421,BizCorp_0016,APAC,Manufacturing,Premium,66,33730
ACC_0016,2026-07,55,17749,14906,BizCorp_0016,APAC,Manufacturing,Premium,66,33730
ACC_0016,2026-08,66,20772,17887,BizCorp_0016,APAC,Manufacturing,Premium,66,33730
ACC_0017,2026-03,186,209892,167587,BizCorp_0017,AMER,Retail,Enterprise,450,439757
ACC_0017,2026-04,189,181554,151695,BizCorp_0017,AMER,Retail,Enterprise,450,439757
ACC_0017,2026-05,210,228345,189510,BizCorp_0017,AMER,Retail,Enterprise,450,439757
ACC_0017,2026-06,192,166190,145932,BizCorp_0017,AMER,Retail,Enterprise,450,439757
ACC_0017,2026-07,190,165267,149858,BizCorp_0017,AMER,Retail,Enterprise,450,439757
ACC_0017,2026-08,203,200155,154577,BizCorp_0017,AMER,Retail,Enterprise,450,439757
ACC_0018,2026-03,137,169316,132845,BizCorp_0018,APAC,Technology,Enterprise,188,380043
ACC_0018,2026-04,129,156811,131986,BizCorp_0018,APAC,Technology,Enterprise,188,380043
ACC_0018,2026-05,119,148506,115281,BizCorp_0018,APAC,Technology,Enterprise,188,380043
ACC_0018,2026-06,63,79628,66604,BizCorp_0018,APAC,Technology,Enterprise,188,380043
ACC_0018,2026-07,31,42107,33302,BizCorp_0018,APAC,Technology,Enterprise,188,380043
ACC_0018,2026-08,15,19650,16651,BizCorp_0018,APAC,Technology,Enterprise,188,380043
ACC_0019,2026-03,11,9088,7046,BizCorp_0019,EMEA,Logistics,Standard,19,11216
ACC_0019,2026-04,10,7217,5957,BizCorp_0019,EMEA,Logistics,Standard,19,11216
ACC_0019,2026-05,11,8113,6630,BizCorp_0019,EMEA,Logistics,Standard,19,11216
ACC_0019,2026-06,12,7963,6213,BizCorp_0019,EMEA,Logistics,Standard,19,11216
ACC_0019,2026-07,11,7843,6615,BizCorp_0019,EMEA,Logistics,Standard,19,11216
ACC_0019,2026-08,12,7227,5594,BizCorp_0019,EMEA,Logistics,Standard,19,11216
ACC_0020,2026-03,283,97742,86390,BizCorp_0020,APAC,Manufacturing,Enterprise,386,215141
ACC_0020,2026-04,281,79146,71916,BizCorp_0020,APAC,Manufacturing,Enterprise,386,215141
ACC_0020,2026-05,297,98153,84743,BizCorp_0020,APAC,Manufacturing,Enterprise,386,215141
ACC_0020,2026-06,284,108603,87541,BizCorp_0020,APAC,Manufacturing,Enterprise,386,215141
ACC_0020,2026-07,297,111849,87057,BizCorp_0020,APAC,Manufacturing,Enterprise,386,215141
ACC_0020,2026-08,318,105375,85516,BizCorp_0020,APAC,Manufacturing,Enterprise,386,215141
ACC_0021,2026-03,7,4062,3211,BizCorp_0021,EMEA,Healthcare,Standard,12,5525
ACC_0021,2026-04,6,2989,2574,BizCorp_0021,EMEA,Healthcare,Standard,12,5525
ACC_0021,2026-05,7,3380,2920,BizCorp_0021,EMEA,Healthcare,Standard,12,5525
ACC_0021,2026-06,6,3747,3022,BizCorp_0021,EMEA,Healthcare,Standard,12,5525
ACC_0021,2026-07,7,3429,2861,BizCorp_0021,EMEA,Healthcare,Standard,12,5525
ACC_0021,2026-08,6,2925,2466,BizCorp_0021,EMEA,Healthcare,Standard,12,5525
ACC_0022,2026-03,17,14051,11046,BizCorp_0022,APAC,Logistics,Premium,29,33826
ACC_0022,2026-04,18,11261,8988,BizCorp_0022,APAC,Logistics,Premium,29,33826
ACC_0022,2026-05,19,13449,10737,BizCorp_0022,APAC,Logistics,Premium,29,33826
ACC_0022,2026-06,9,5956,5248,BizCorp_0022,APAC,Logistics,Premium,29,33826
ACC_0022,2026-07,4,3158,2624,BizCorp_0022,APAC,Logistics,Premium,29,33826
ACC_0022,2026-08,2,1559,1312,BizCorp_0022,APAC,Logistics,Premium,29,33826
ACC_0023,2026-03,23,37508,33542,BizCorp_0023,EMEA,Healthcare,Premium,48,62954
ACC_0023,2026-04,21,39419,31944,BizCorp_0023,EMEA,Healthcare,Premium,48,62954
ACC_0023,2026-05,24,39525,31908,BizCorp_0023,EMEA,Healthcare,Premium,48,62954
ACC_0023,2026-06,11,19462,16812,BizCorp_0023,EMEA,Healthcare,Premium,48,62954
ACC_0023,2026-07,5,10835,8406,BizCorp_0023,EMEA,Healthcare,Premium,48,62954
ACC_0023,2026-08,2,5307,4203,BizCorp_0023,EMEA,Healthcare,Premium,48,62954
ACC_0024,2026-03,188,100347,84980,BizCorp_0024,EMEA,Technology,Enterprise,335,174905
ACC_0024,2026-04,195,105149,85381,BizCorp_0024,EMEA,Technology,Enterprise,335,174905
ACC_0024,2026-05,196,82512,72537,BizCorp_0024,EMEA,Technology,Enterprise,335,174905
ACC_0024,2026-06,189,98257,80205,BizCorp_0024,EMEA,Technology,Enterprise,335,174905
ACC_0024,2026-07,205,82090,67852,BizCorp_0024,EMEA,Technology,Enterprise,335,174905
ACC_0024,2026-08,211,90609,73093,BizCorp_0024,EMEA,Technology,Enterprise,335,174905
ACC_0025,2026-03,5,9939,8553,BizCorp_0025,EMEA,Retail,Standard,13,14577
ACC_0025,2026-04,4,8958,7824,BizCorp_0025,EMEA,Retail,Standard,13,14577
ACC_0025,2026-05,5,9171,7113,BizCorp_0025,EMEA,Retail,Standard,13,14577
ACC_0025,2026-06,5,9277,7211,BizCorp_0025,EMEA,Retail,Standard,13,14577
ACC_0025,2026-07,5,10106,8542,BizCorp_0025,EMEA,Retail,Standard,13,14577
ACC_0025,2026-08,5,9505,7979,BizCorp_0025,EMEA,Retail,Standard,13,14577
ACC_0026,2026-03,37,32586,25602,BizCorp_0026,AMER,Retail,Premium,67,34373
ACC_0026,2026-04,35,29558,24986,BizCorp_0026,AMER,Retail,Premium,67,34373
ACC_0026,2026-05,40,29125,23040,BizCorp_0026,AMER,Retail,Premium,67,34373
ACC_0026,2026-06,35,26291,21597,BizCorp_0026,AMER,Retail,Premium,67,34373
ACC_0026,2026-07,40,25887,22915,BizCorp_0026,AMER,Retail,Premium,67,34373
ACC_0026,2026-08,37,26529,21918,BizCorp_0026,AMER,Retail,Premium,67,34373
ACC_0027,2026-03,17,38342,31574,BizCorp_0027,AMER,Financial Services,Premium,32,69530
ACC_0027,2026-04,17,35780,32272,BizCorp_0027,AMER,Financial Services,Premium,32,69530
ACC_0027,2026-05,19,39942,31643,BizCorp_0027,AMER,Financial Services,Premium,32,69530
ACC_0027,2026-06,22,42107,35769,BizCorp_0027,AMER,Financial Services,Premium,32,69530
ACC_0027,2026-07,26,52912,42923,BizCorp_0027,AMER,Financial Services,Premium,32,69530
ACC_0027,2026-08,32,65113,51508,BizCorp_0027,AMER,Financial Services,Premium,32,69530
ACC_0028,2026-03,5,4907,3852,BizCorp_0028,APAC,Financial Services,Standard,10,11916
ACC_0028,2026-04,6,4439,3684,BizCorp_0028,APAC,Financial Services,Standard,10,11916
ACC_0028,2026-05,5,4729,4001,BizCorp_0028,APAC,Financial Services,Standard,10,11916
ACC_0028,2026-06,6,4013,3362,BizCorp_0028,APAC,Financial Services,Standard,10,11916
ACC_0028,2026-07,6,4420,3569,BizCorp_0028,APAC,Financial Services,Standard,10,11916
ACC_0028,2026-08,6,5268,4147,BizCorp_0028,APAC,Financial Services,Standard,10,11916
ACC_0029,2026-03,58,39149,32403,BizCorp_0029,EMEA,Retail,Premium,69,59052
ACC_0029,2026-04,55,37023,29933,BizCorp_0029,EMEA,Retail,Premium,69,59052
ACC_0029,2026-05,51,33387,29862,BizCorp_0029,EMEA,Retail,Premium,69,59052
ACC_0029,2026-06,64,50563,39025,BizCorp_0029,EMEA,Retail,Premium,69,59052
ACC_0029,2026-07,69,58634,46830,BizCorp_0029,EMEA,Retail,Premium,69,59052
ACC_0029,2026-08,69,69726,56196,BizCorp_0029,EMEA,Retail,Premium,69,59052
ACC_0030,2026-03,56,13036,10353,BizCorp_0030,APAC,Logistics,Premium,91,20752
ACC_0030,2026-04,50,13025,11536,BizCorp_0030,APAC,Logistics,Premium,91,20752
ACC_0030,2026-05,52,15382,12223,BizCorp_0030,APAC,Logistics,Premium,91,20752
ACC_0030,2026-06,49,13343,10472,BizCorp_0030,APAC,Logistics,Premium,91,20752
ACC_0030,2026-07,53,14177,11054,BizCorp_0030,APAC,Logistics,Premium,91,20752
ACC_0030,2026-08,48,13632,11846,BizCorp_0030,APAC,Logistics,Premium,91,20752
ACC_0031,2026-03,8,7895,6529,BizCorp_0031,AMER,Manufacturing,Standard,13,10573
ACC_0031,2026-04,7,10256,7905,BizCorp_0031,AMER,Manufacturing,Standard,13,10573
ACC_0031,2026-05,8,9830,7940,BizCorp_0031,AMER,Manufacturing,Standard,13,10573
ACC_0031,2026-06,4,4153,3486,BizCorp_0031,AMER,Manufacturing,Standard,13,10573
ACC_0031,2026-07,2,2022,1743,BizCorp_0031,AMER,Manufacturing,Standard,13,10573
ACC_0031,2026-08,1,1132,871,BizCorp_0031,AMER,Manufacturing,Standard,13,10573
ACC_0032,2026-03,17,26196,21129,BizCorp_0032,AMER,Logistics,Premium,41,49735
ACC_0032,2026-04,16,29166,24735,BizCorp_0032,AMER,Logistics,Premium,41,49735
ACC_0032,2026-05,16,31356,24972,BizCorp_0032,AMER,Logistics,Premium,41,49735
ACC_0032,2026-06,21,34967,27008,BizCorp_0032,AMER,Logistics,Premium,41,49735
ACC_0032,2026-07,26,41553,32410,BizCorp_0032,AMER,Logistics,Premium,41,49735
ACC_0032,2026-08,31,48577,38892,BizCorp_0032,AMER,Logistics,Premium,41,49735
ACC_0033,2026-03,176,148078,130119,BizCorp_0033,AMER,Retail,Enterprise,235,362451
ACC_0033,2026-04,158,191775,152993,BizCorp_0033,AMER,Retail,Enterprise,235,362451
ACC_0033,2026-05,172,141735,126614,BizCorp_0033,AMER,Retail,Enterprise,235,362451
ACC_0033,2026-06,83,87068,71048,BizCorp_0033,AMER,Retail,Enterprise,235,362451
ACC_0033,2026-07,41,39356,35524,BizCorp_0033,AMER,Retail,Enterprise,235,362451
ACC_0033,2026-08,20,22339,17762,BizCorp_0033,AMER,Retail,Enterprise,235,362451
ACC_0034,2026-03,8,9258,7410,BizCorp_0034,APAC,Technology,Standard,14,13317
ACC_0034,2026-04,8,8484,7024,BizCorp_0034,APAC,Technology,Standard,14,13317
ACC_0034,2026-05,9,10221,7969,BizCorp_0034,APAC,Technology,Standard,14,13317
ACC_0034,2026-06,9,9259,7320,BizCorp_0034,APAC,Technology,Standard,14,13317
ACC_0034,2026-07,8,10771,8622,BizCorp_0034,APAC,Technology,Standard,14,13317
ACC_0034,2026-08,8,9027,6984,BizCorp_0034,APAC,Technology,Standard,14,13317
ACC_0035,2026-03,11,3702,3139,BizCorp_0035,APAC,Retail,Standard,16,7646
ACC_0035,2026-04,12,3393,3035,BizCorp_0035,APAC,Retail,Standard,16,7646
ACC_0035,2026-05,10,3117,2772,BizCorp_0035,APAC,Retail,Standard,16,7646
ACC_0035,2026-06,10,3694,3206,BizCorp_0035,APAC,Retail,Standard,16,7646
ACC_0035,2026-07,10,3648,3107,BizCorp_0035,APAC,Retail,Standard,16,7646
ACC_0035,2026-08,11,3620,2958,BizCorp_0035,APAC,Retail,Standard,16,7646
ACC_0036,2026-03,10,7105,5543,BizCorp_0036,AMER,Financial Services,Standard,15,13005
ACC_0036,2026-04,11,5542,4914,BizCorp_0036,AMER,Financial Services,Standard,15,13005
ACC_0036,2026-05,12,5700,4756,BizCorp_0036,AMER,Financial Services,Standard,15,13005
ACC_0036,2026-06,5,2827,2526,BizCorp_0036,AMER,Financial Services,Standard,15,13005
ACC_0036,2026-07,2,1613,1263,BizCorp_0036,AMER,Financial Services,Standard,15,13005
ACC_0036,2026-08,1,711,631,BizCorp_0036,AMER,Financial Services,Standard,15,13005
ACC_0037,2026-03,34,29893,24554,BizCorp_0037,AMER,Technology,Premium,60,35692
ACC_0037,2026-04,34,33317,27066,BizCorp_0037,AMER,Technology,Premium,60,35692
ACC_0037,2026-05,35,32327,25103,BizCorp_0037,AMER,Technology,Premium,60,35692
ACC_0037,2026-06,39,33654,29114,BizCorp_0037,AMER,Technology,Premium,60,35692
ACC_0037,2026-07,47,43252,34936,BizCorp_0037,AMER,Technology,Premium,60,35692
ACC_0037,2026-08,56,47938,41924,BizCorp_0037,AMER,Technology,Premium,60,35692
ACC_0038,2026-03,101,118761,98240,BizCorp_0038,APAC,Healthcare,Enterprise,141,144907
ACC_0038,2026-04,120,105116,89110,BizCorp_0038,APAC,Healthcare,Enterprise,141,144907
ACC_0038,2026-05,103,104752,82508,BizCorp_0038,APAC,Healthcare,Enterprise,141,144907
ACC_0038,2026-06,132,132989,111667,BizCorp_0038,APAC,Healthcare,Enterprise,141,144907
ACC_0038,2026-07,141,165163,134001,BizCorp_0038,APAC,Healthcare,Enterprise,141,144907
ACC_0038,2026-08,141,197518,160801,BizCorp_0038,APAC,Healthcare,Enterprise,141,144907
ACC_0039,2026-03,4,3814,3343,BizCorp_0039,APAC,Healthcare,Standard,9,7103
ACC_0039,2026-04,4,3807,3128,BizCorp_0039,APAC,Healthcare,Standard,9,7103
ACC_0039,2026-05,4,3552,2831,BizCorp_0039,APAC,Healthcare,Standard,9,7103
ACC_0039,2026-06,4,3659,3167,BizCorp_0039,APAC,Healthcare,Standard,9,7103
ACC_0039,2026-07,4,4261,3528,BizCorp_0039,APAC,Healthcare,Standard,9,7103
ACC_0039,2026-08,4,3460,2718,BizCorp_0039,APAC,Healthcare,Standard,9,7103
ACC_0040,2026-03,71,158219,139419,BizCorp_0040,APAC,Retail,Enterprise,185,238966
ACC_0040,2026-04,68,190273,157875,BizCorp_0040,APAC,Retail,Enterprise,185,238966
ACC_0040,2026-05,78,183508,146152,BizCorp_0040,APAC,Retail,Enterprise,185,238966
ACC_0040,2026-06,75,156024,129937,BizCorp_0040,APAC,Retail,Enterprise,185,238966
ACC_0040,2026-07,81,159639,127036,BizCorp_0040,APAC,Retail,Enterprise,185,238966
ACC_0040,2026-08,80,176534,148148,BizCorp_0040,APAC,Retail,Enterprise,185,238966
ACC_0041,2026-03,19,34414,28725,BizCorp_0041,APAC,Logistics,Premium,48,55343
ACC_0041,2026-04,22,26480,23725,BizCorp_0041,APAC,Logistics,Premium,48,55343
ACC_0041,2026-05,20,27328,23661,BizCorp_0041,APAC,Logistics,Premium,48,55343
ACC_0041,2026-06,20,32155,27600,BizCorp_0041,APAC,Logistics,Premium,48,55343
ACC_0041,2026-07,22,32691,27455,BizCorp_0041,APAC,Logistics,Premium,48,55343
ACC_0041,2026-08,20,29686,23934,BizCorp_0041,APAC,Logistics,Premium,48,55343
ACC_0042,2026-03,7,9793,8301,BizCorp_0042,APAC,Logistics,Standard,14,11537
ACC_0042,2026-04,8,8293,7134,BizCorp_0042,APAC,Logistics,Standard,14,11537
ACC_0042,2026-05,7,10626,8588,BizCorp_0042,APAC,Logistics,Standard,14,11537
ACC_0042,2026-06,7,7408,6632,BizCorp_0042,APAC,Logistics,Standard,14,11537
ACC_0042,2026-07,7,9530,8114,BizCorp_0042,APAC,Logistics,Standard,14,11537
ACC_0042,2026-08,7,8472,6561,BizCorp_0042,APAC,Logistics,Standard,14,11537
ACC_0043,2026-03,55,33581,28349,BizCorp_0043,EMEA,Financial Services,Premium,77,53919
ACC_0043,2026-04,55,25078,21666,BizCorp_0043,EMEA,Financial Services,Premium,77,53919
ACC_0043,2026-05,49,26502,22058,BizCorp_0043,EMEA,Financial Services,Premium,77,53919
ACC_0043,2026-06,25,14156,12517,BizCorp_0043,EMEA,Financial Services,Premium,77,53919
ACC_0043,2026-07,12,7487,6258,BizCorp_0043,EMEA,Financial Services,Premium,77,53919
ACC_0043,2026-08,6,3972,3129,BizCorp_0043,EMEA,Financial Services,Premium,77,53919
ACC_0044,2026-03,9,3486,2764,BizCorp_0044,EMEA,Financial Services,Standard,12,6049
ACC_0044,2026-04,9,3903,3089,BizCorp_0044,EMEA,Financial Services,Standard,12,6049
ACC_0044,2026-05,9,3115,2819,BizCorp_0044,EMEA,Financial Services,Standard,12,6049
ACC_0044,2026-06,4,1738,1352,BizCorp_0044,EMEA,Financial Services,Standard,12,6049
ACC_0044,2026-07,2,855,676,BizCorp_0044,EMEA,Financial Services,Standard,12,6049
ACC_0044,2026-08,1,389,338,BizCorp_0044,EMEA,Financial Services,Standard,12,6049
ACC_0045,2026-03,212,144895,127517,BizCorp_0045,APAC,Technology,Enterprise,384,220646
ACC_0045,2026-04,181,155706,139783,BizCorp_0045,APAC,Technology,Enterprise,384,220646
ACC_0045,2026-05,204,170409,152376,BizCorp_0045,APAC,Technology,Enterprise,384,220646
ACC_0045,2026-06,196,153038,128525,BizCorp_0045,APAC,Technology,Enterprise,384,220646
ACC_0045,2026-07,182,146703,125939,BizCorp_0045,APAC,Technology,Enterprise,384,220646
ACC_0045,2026-08,212,175332,137336,BizCorp_0045,APAC,Technology,Enterprise,384,220646
ACC_0046,2026-03,3,3746,3040,BizCorp_0046,AMER,Financial Services,Standard,7,5964
ACC_0046,2026-04,3,3701,3206,BizCorp_0046,AMER,Financial Services,Standard,7,5964
ACC_0046,2026-05,3,3421,2885,BizCorp_0046,AMER,Financial Services,Standard,7,5964
ACC_0046,2026-06,3,4115,3437,BizCorp_0046,AMER,Financial Services,Standard,7,5964
ACC_0046,2026-07,3,3322,2818,BizCorp_0046,AMER,Financial Services,Standard,7,5964
ACC_0046,2026-08,3,3226,2781,BizCorp_0046,AMER,Financial Services,Standard,7,5964
ACC_0047,2026-03,10,3964,3305,BizCorp_0047,APAC,Technology,Standard,15,6160
ACC_0047,2026-04,10,3999,3315,BizCorp_0047,APAC,Technology,Standard,15,6160
ACC_0047,2026-05,10,4682,3796,BizCorp_0047,APAC,Technology,Standard,15,6160
ACC_0047,2026-06,10,4512,3615,BizCorp_0047,APAC,Technology,Standard,15,6160
ACC_0047,2026-07,10,4110,3685,BizCorp_0047,APAC,Technology,Standard,15,6160
ACC_0047,2026-08,10,4311,3651,BizCorp_0047,APAC,Technology,Standard,15,6160
ACC_0048,2026-03,46,18282,14178,BizCorp_0048,APAC,Technology,Premium,83,34040
ACC_0048,2026-04,42,19485,16621,BizCorp_0048,APAC,Technology,Premium,83,34040
ACC_0048,2026-05,42,16462,13867,BizCorp_0048,APAC,Technology,Premium,83,34040
ACC_0048,2026-06,51,22270,18872,BizCorp_0048,APAC,Technology,Premium,83,34040
ACC_0048,2026-07,61,25266,22646,BizCorp_0048,APAC,Technology,Premium,83,34040
ACC_0048,2026-08,73,34625,27176,BizCorp_0048,APAC,Technology,Premium,83,34040
ACC_0049,2026-03,175,308493,255773,BizCorp_0049,EMEA,Technology,Enterprise,393,402100
ACC_0049,2026-04,180,311657,266324,BizCorp_0049,EMEA,Technology,Enterprise,393,402100
ACC_0049,2026-05,209,289923,256674,BizCorp_0049,EMEA,Technology,Enterprise,393,402100
ACC_0049,2026-06,96,137796,122971,BizCorp_0049,EMEA,Technology,Enterprise,393,402100
ACC_0049,2026-07,48,70781,61485,BizCorp_0049,EMEA,Technology,Enterprise,393,402100
ACC_0049,2026-08,24,34882,30742,BizCorp_0049,EMEA,Technology,Enterprise,393,402100
ACC_0050,2026-03,48,23680,19753,BizCorp_0050,AMER,Financial Services,Premium,73,32478
ACC_0050,2026-04,54,23417,19682,BizCorp_0050,AMER,Financial Services,Premium,73,32478
ACC_0050,2026-05,55,22838,18612,BizCorp_0050,AMER,Financial Services,Premium,73,32478
ACC_0050,2026-06,52,24820,20254,BizCorp_0050,AMER,Financial Services,Premium,73,32478
ACC_0050,2026-07,47,18889,15894,BizCorp_0050,AMER,Financial Services,Premium,73,32478
ACC_0050,2026-08,49,18917,17024,BizCorp_0050,AMER,Financial Services,Premium,73,32478
ACC_0051,2026-03,153,168473,151050,BizCorp_0051,EMEA,Healthcare,Enterprise,321,285753
ACC_0051,2026-04,180,185924,152023,BizCorp_0051,EMEA,Healthcare,Enterprise,321,285753
ACC_0051,2026-05,168,164487,135843,BizCorp_0051,EMEA,Healthcare,Enterprise,321,285753
ACC_0051,2026-06,178,182888,153695,BizCorp_0051,EMEA,Healthcare,Enterprise,321,285753
ACC_0051,2026-07,178,167238,143638,BizCorp_0051,EMEA,Healthcare,Enterprise,321,285753
ACC_0051,2026-08,167,136810,122990,BizCorp_0051,EMEA,Healthcare,Enterprise,321,285753
ACC_0052,2026-03,21,43810,35641,BizCorp_0052,APAC,Logistics,Premium,27,64129
ACC_0052,2026-04,17,56152,43254,BizCorp_0052,APAC,Logistics,Premium,27,64129
ACC_0052,2026-05,19,49327,42060,BizCorp_0052,APAC,Logistics,Premium,27,64129
ACC_0052,2026-06,21,49371,39343,BizCorp_0052,APAC,Logistics,Premium,27,64129
ACC_0052,2026-07,20,43222,35250,BizCorp_0052,APAC,Logistics,Premium,27,64129
ACC_0052,2026-08,18,46813,38638,BizCorp_0052,APAC,Logistics,Premium,27,64129
ACC_0053,2026-03,3,9775,7669,BizCorp_0053,APAC,Manufacturing,Standard,6,11596
ACC_0053,2026-04,2,7903,7005,BizCorp_0053,APAC,Manufacturing,Standard,6,11596
ACC_0053,2026-05,2,9662,7794,BizCorp_0053,APAC,Manufacturing,Standard,6,11596
ACC_0053,2026-06,3,9665,8202,BizCorp_0053,APAC,Manufacturing,Standard,6,11596
ACC_0053,2026-07,4,11998,9843,BizCorp_0053,APAC,Manufacturing,Standard,6,11596
ACC_0053,2026-08,5,15209,11812,BizCorp_0053,APAC,Manufacturing,Standard,6,11596
ACC_0054,2026-03,7,4999,4030,BizCorp_0054,AMER,Retail,Standard,12,8139
ACC_0054,2026-04,8,6685,5213,BizCorp_0054,AMER,Retail,Standard,12,8139
ACC_0054,2026-05,6,5729,4768,BizCorp_0054,AMER,Retail,Standard,12,8139
ACC_0054,2026-06,3,2503,2268,BizCorp_0054,AMER,Retail,Standard,12,8139
ACC_0054,2026-07,1,1317,1134,BizCorp_0054,AMER,Retail,Standard,12,8139
ACC_0054,2026-08,1,731,567,BizCorp_0054,AMER,Retail,Standard,12,8139
ACC_0055,2026-03,27,23424,21000,BizCorp_0055,AMER,Manufacturing,Premium,38,47648
ACC_0055,2026-04,31,26014,20742,BizCorp_0055,AMER,Manufacturing,Premium,38,47648
ACC_0055,2026-05,31,29099,26274,BizCorp_0055,AMER,Manufacturing,Premium,38,47648
ACC_0055,2026-06,14,13752,11781,BizCorp_0055,AMER,Manufacturing,Premium,38,47648
ACC_0055,2026-07,7,7381,5890,BizCorp_0055,AMER,Manufacturing,Premium,38,47648
ACC_0055,2026-08,3,3316,2945,BizCorp_0055,AMER,Manufacturing,Premium,38,47648
ACC_0056,2026-03,24,12335,9633,BizCorp_0056,EMEA,Retail,Premium,52,24940
ACC_0056,2026-04,25,9399,8014,BizCorp_0056,EMEA,Retail,Premium,52,24940
ACC_0056,2026-05,25,12947,10594,BizCorp_0056,EMEA,Retail,Premium,52,24940
ACC_0056,2026-06,28,13934,11143,BizCorp_0056,EMEA,Retail,Premium,52,24940
ACC_0056,2026-07,34,16805,13372,BizCorp_0056,EMEA,Retail,Premium,52,24940
ACC_0056,2026-08,41,18401,16046,BizCorp_0056,EMEA,Retail,Premium,52,24940
ACC_0057,2026-03,3,11155,9506,BizCorp_0057,AMER,Financial Services,Standard,6,13856
ACC_0057,2026-04,3,11795,9893,BizCorp_0057,AMER,Financial Services,Standard,6,13856
ACC_0057,2026-05,3,10044,8332,BizCorp_0057,AMER,Financial Services,Standard,6,13856
ACC_0057,2026-06,3,11920,9459,BizCorp_0057,AMER,Financial Services,Standard,6,13856
ACC_0057,2026-07,2,9813,7990,BizCorp_0057,AMER,Financial Services,Standard,6,13856
ACC_0057,2026-08,3,9837,8779,BizCorp_0057,AMER,Financial Services,Standard,6,13856
ACC_0058,2026-03,4,8937,7913,BizCorp_0058,EMEA,Healthcare,Standard,10,11658
ACC_0058,2026-04,5,9155,8000,BizCorp_0058,EMEA,Healthcare,Standard,10,11658
ACC_0058,2026-05,5,7446,6737,BizCorp_0058,EMEA,Healthcare,Standard,10,11658
ACC_0058,2026-06,4,8098,7060,BizCorp_0058,EMEA,Healthcare,Standard,10,11658
ACC_0058,2026-07,5,7508,6791,BizCorp_0058,EMEA,Healthcare,Standard,10,11658
ACC_0058,2026-08,5,9560,7773,BizCorp_0058,EMEA,Healthcare,Standard,10,11658
ACC_0059,2026-03,8,2951,2617,BizCorp_0059,AMER,Healthcare,Standard,17,5960
ACC_0059,2026-04,8,2678,2433,BizCorp_0059,AMER,Healthcare,Standard,17,5960
ACC_0059,2026-05,7,2901,2290,BizCorp_0059,AMER,Healthcare,Standard,17,5960
ACC_0059,2026-06,7,3182,2640,BizCorp_0059,AMER,Healthcare,Standard,17,5960
ACC_0059,2026-07,7,2684,2314,BizCorp_0059,AMER,Healthcare,Standard,17,5960
ACC_0059,2026-08,7,3036,2412,BizCorp_0059,AMER,Healthcare,Standard,17,5960
ACC_0060,2026-03,7,7352,5995,BizCorp_0060,EMEA,Manufacturing,Standard,17,9345
ACC_0060,2026-04,7,7319,6319,BizCorp_0060,EMEA,Manufacturing,Standard,17,9345
ACC_0060,2026-05,6,6882,5669,BizCorp_0060,EMEA,Manufacturing,Standard,17,9345
ACC_0060,2026-06,8,8095,7117,BizCorp_0060,EMEA,Manufacturing,Standard,17,9345
ACC_0060,2026-07,10,10535,8540,BizCorp_0060,EMEA,Manufacturing,Standard,17,9345
ACC_0060,2026-08,12,12345,10248,BizCorp_0060,EMEA,Manufacturing,Standard,17,9345
ACC_0061,2026-03,39,44906,37087,BizCorp_0061,APAC,Healthcare,Premium,92,63376
ACC_0061,2026-04,38,39339,32058,BizCorp_0061,APAC,Healthcare,Premium,92,63376
ACC_0061,2026-05,43,33050,29957,BizCorp_0061,APAC,Healthcare,Premium,92,63376
ACC_0061,2026-06,19,20342,16174,BizCorp_0061,APAC,Healthcare,Premium,92,63376
ACC_0061,2026-07,9,9453,8087,BizCorp_0061,APAC,Healthcare,Premium,92,63376
ACC_0061,2026-08,4,5039,4043,BizCorp_0061,APAC,Healthcare,Premium,92,63376
ACC_0062,2026-03,7,6114,5057,BizCorp_0062,AMER,Financial Services,Standard,11,9861
ACC_0062,2026-04,8,6639,5287,BizCorp_0062,AMER,Financial Services,Standard,11,9861
ACC_0062,2026-05,7,7604,6201,BizCorp_0062,AMER,Financial Services,Standard,11,9861
ACC_0062,2026-06,8,6389,5090,BizCorp_0062,AMER,Financial Services,Standard,11,9861
ACC_0062,2026-07,7,6092,5495,BizCorp_0062,AMER,Financial Services,Standard,11,9861
ACC_0062,2026-08,7,6501,5053,BizCorp_0062,AMER,Financial Services,Standard,11,9861
ACC_0063,2026-03,360,243407,213849,BizCorp_0063,AMER,Logistics,Enterprise,477,384266
ACC_0063,2026-04,368,274355,215492,BizCorp_0063,AMER,Logistics,Enterprise,477,384266
ACC_0063,2026-05,366,206972,176356,BizCorp_0063,AMER,Logistics,Enterprise,477,384266
ACC_0063,2026-06,455,304773,238496,BizCorp_0063,AMER,Logistics,Enterprise,477,384266
ACC_0063,2026-07,477,357360,286195,BizCorp_0063,AMER,Logistics,Enterprise,477,384266
ACC_0063,2026-08,477,439227,343434,BizCorp_0063,AMER,Logistics,Enterprise,477,384266
ACC_0064,2026-03,15,10551,8378,BizCorp_0064,APAC,Healthcare,Premium,28,23286
ACC_0064,2026-04,14,9044,7633,BizCorp_0064,APAC,Healthcare,Premium,28,23286
ACC_0064,2026-05,14,11384,10021,BizCorp_0064,APAC,Healthcare,Premium,28,23286
ACC_0064,2026-06,17,12133,10471,BizCorp_0064,APAC,Healthcare,Premium,28,23286
ACC_0064,2026-07,21,14079,12565,BizCorp_0064,APAC,Healthcare,Premium,28,23286
ACC_0064,2026-08,25,17574,15078,BizCorp_0064,APAC,Healthcare,Premium,28,23286
ACC_0065,2026-03,191,122162,104385,BizCorp_0065,AMER,Retail,Enterprise,372,182540
ACC_0065,2026-04,176,128435,109726,BizCorp_0065,AMER,Retail,Enterprise,372,182540
ACC_0065,2026-05,213,119340,92083,BizCorp_0065,AMER,Retail,Enterprise,372,182540
ACC_0065,2026-06,97,63680,49381,BizCorp_0065,AMER,Retail,Enterprise,372,182540
ACC_0065,2026-07,48,27529,24690,BizCorp_0065,AMER,Retail,Enterprise,372,182540
ACC_0065,2026-08,24,15153,12345,BizCorp_0065,AMER,Retail,Enterprise,372,182540
ACC_0066,2026-03,5,4007,3156,BizCorp_0066,APAC,Financial Services,Standard,10,6122
ACC_0066,2026-04,6,4055,3604,BizCorp_0066,APAC,Financial Services,Standard,10,6122
ACC_0066,2026-05,5,4492,3832,BizCorp_0066,APAC,Financial Services,Standard,10,6122
ACC_0066,2026-06,3,2368,1836,BizCorp_0066,APAC,Financial Services,Standard,10,6122
ACC_0066,2026-07,1,1015,918,BizCorp_0066,APAC,Financial Services,Standard,10,6122
ACC_0066,2026-08,1,518,459,BizCorp_0066,APAC,Financial Services,Standard,10,6122
ACC_0067,2026-03,181,172432,142992,BizCorp_0067,AMER,Retail,Enterprise,221,311694
ACC_0067,2026-04,168,168079,146166,BizCorp_0067,AMER,Retail,Enterprise,221,311694
ACC_0067,2026-05,158,179707,149780,BizCorp_0067,AMER,Retail,Enterprise,221,311694
ACC_0067,2026-06,206,197646,167867,BizCorp_0067,AMER,Retail,Enterprise,221,311694
ACC_0067,2026-07,221,244213,201441,BizCorp_0067,AMER,Retail,Enterprise,221,311694
ACC_0067,2026-08,221,278557,241729,BizCorp_0067,AMER,Retail,Enterprise,221,311694
ACC_0068,2026-03,4,3364,2589,BizCorp_0068,EMEA,Logistics,Standard,6,6343
ACC_0068,2026-04,3,2429,2179,BizCorp_0068,EMEA,Logistics,Standard,6,6343
ACC_0068,2026-05,3,3382,2603,BizCorp_0068,EMEA,Logistics,Standard,6,6343
ACC_0068,2026-06,2,1543,1223,BizCorp_0068,EMEA,Logistics,Standard,6,6343
ACC_0068,2026-07,1,790,611,BizCorp_0068,EMEA,Logistics,Standard,6,6343
ACC_0068,2026-08,1,395,305,BizCorp_0068,EMEA,Logistics,Standard,6,6343
ACC_0069,2026-03,255,206896,182851,BizCorp_0069,EMEA,Manufacturing,Enterprise,390,374088
ACC_0069,2026-04,277,234009,206209,BizCorp_0069,EMEA,Manufacturing,Enterprise,390,374088
ACC_0069,2026-05,259,231431,178432,BizCorp_0069,EMEA,Manufacturing,Enterprise,390,374088
ACC_0069,2026-06,133,122395,97262,BizCorp_0069,EMEA,Manufacturing,Enterprise,390,374088
ACC_0069,2026-07,66,55796,48631,BizCorp_0069,EMEA,Manufacturing,Enterprise,390,374088
ACC_0069,2026-08,33,29148,24315,BizCorp_0069,EMEA,Manufacturing,Enterprise,390,374088
ACC_0070,2026-03,9,4949,4049,BizCorp_0070,EMEA,Healthcare,Standard,15,8910
ACC_0070,2026-04,8,4886,3759,BizCorp_0070,EMEA,Healthcare,Standard,15,8910
ACC_0070,2026-05,9,5037,4018,BizCorp_0070,EMEA,Healthcare,Standard,15,8910
ACC_0070,2026-06,4,2520,1993,BizCorp_0070,EMEA,Healthcare,Standard,15,8910
ACC_0070,2026-07,2,1110,996,BizCorp_0070,EMEA,Healthcare,Standard,15,8910
ACC_0070,2026-08,1,644,498,BizCorp_0070,EMEA,Healthcare,Standard,15,8910
ACC_0071,2026-03,7,9991,7955,BizCorp_0071,EMEA,Financial Services,Standard,14,12491
ACC_0071,2026-04,8,8358,6463,BizCorp_0071,EMEA,Financial Services,Standard,14,12491
ACC_0071,2026-05,8,8916,8025,BizCorp_0071,EMEA,Financial Services,Standard,14,12491
ACC_0071,2026-06,7,7251,6401,BizCorp_0071,EMEA,Financial Services,Standard,14,12491
ACC_0071,2026-07,7,8878,7594,BizCorp_0071,EMEA,Financial Services,Standard,14,12491
ACC_0071,2026-08,8,10142,7991,BizCorp_0071,EMEA,Financial Services,Standard,14,12491
ACC_0072,2026-03,8,12316,10072,BizCorp_0072,AMER,Financial Services,Standard,19,14224
ACC_0072,2026-04,8,12328,10119,BizCorp_0072,AMER,Financial Services,Standard,19,14224
ACC_0072,2026-05,9,10717,8750,BizCorp_0072,AMER,Financial Services,Standard,19,14224
ACC_0072,2026-06,4,6215,4854,BizCorp_0072,AMER,Financial Services,Standard,19,14224
ACC_0072,2026-07,2,2833,2427,BizCorp_0072,AMER,Financial Services,Standard,19,14224
ACC_0072,2026-08,1,1558,1213,BizCorp_0072,AMER,Financial Services,Standard,19,14224
ACC_0073,2026-03,139,144066,118539,BizCorp_0073,EMEA,Technology,Enterprise,210,365229
ACC_0073,2026-04,157,145335,122820,BizCorp_0073,EMEA,Technology,Enterprise,210,365229
ACC_0073,2026-05,157,139265,113646,BizCorp_0073,EMEA,Technology,Enterprise,210,365229
ACC_0073,2026-06,146,154709,129292,BizCorp_0073,EMEA,Technology,Enterprise,210,365229
ACC_0073,2026-07,162,139166,120024,BizCorp_0073,EMEA,Technology,Enterprise,210,365229
ACC_0073,2026-08,140,117247,98700,BizCorp_0073,EMEA,Technology,Enterprise,210,365229
ACC_0074,2026-03,15,20257,17405,BizCorp_0074,EMEA,Manufacturing,Premium,29,36009
ACC_0074,2026-04,18,17665,14974,BizCorp_0074,EMEA,Manufacturing,Premium,29,36009
ACC_0074,2026-05,17,17685,15773,BizCorp_0074,EMEA,Manufacturing,Premium,29,36009
ACC_0074,2026-06,20,21638,18843,BizCorp_0074,EMEA,Manufacturing,Premium,29,36009
ACC_0074,2026-07,24,25426,22611,BizCorp_0074,EMEA,Manufacturing,Premium,29,36009
ACC_0074,2026-08,29,32287,27134,BizCorp_0074,EMEA,Manufacturing,Premium,29,36009
ACC_0075,2026-03,8,6878,5983,BizCorp_0075,APAC,Manufacturing,Standard,19,13900
ACC_0075,2026-04,8,6052,5193,BizCorp_0075,APAC,Manufacturing,Standard,19,13900
ACC_0075,2026-05,8,6836,5458,BizCorp_0075,APAC,Manufacturing,Standard,19,13900
ACC_0075,2026-06,8,6969,5809,BizCorp_0075,APAC,Manufacturing,Standard,19,13900
ACC_0075,2026-07,8,6388,4956,BizCorp_0075,APAC,Manufacturing,Standard,19,13900
ACC_0075,2026-08,8,7535,6593,BizCorp_0075,APAC,Manufacturing,Standard,19,13900
ACC_0076,2026-03,186,211926,171669,BizCorp_0076,AMER,Logistics,Enterprise,435,377317
ACC_0076,2026-04,174,148814,132692,BizCorp_0076,AMER,Logistics,Enterprise,435,377317
ACC_0076,2026-05,169,169708,144660,BizCorp_0076,AMER,Logistics,Enterprise,435,377317
ACC_0076,2026-06,91,91888,77829,BizCorp_0076,AMER,Logistics,Enterprise,435,377317
ACC_0076,2026-07,45,43157,38914,BizCorp_0076,AMER,Logistics,Enterprise,435,377317
ACC_0076,2026-08,22,21601,19457,BizCorp_0076,AMER,Logistics,Enterprise,435,377317
ACC_0077,2026-03,135,221746,183266,BizCorp_0077,AMER,Technology,Enterprise,254,447806
ACC_0077,2026-04,147,235782,192915,BizCorp_0077,AMER,Technology,Enterprise,254,447806
ACC_0077,2026-05,128,192085,163527,BizCorp_0077,AMER,Technology,Enterprise,254,447806
ACC_0077,2026-06,151,222029,189264,BizCorp_0077,AMER,Technology,Enterprise,254,447806
ACC_0077,2026-07,128,226324,191755,BizCorp_0077,AMER,Technology,Enterprise,254,447806
ACC_0077,2026-08,125,199211,160303,BizCorp_0077,AMER,Technology,Enterprise,254,447806
ACC_0078,2026-03,22,11142,8663,BizCorp_0078,APAC,Retail,Premium,35,27014
ACC_0078,2026-04,20,11500,9401,BizCorp_0078,APAC,Retail,Premium,35,27014
ACC_0078,2026-05,22,11997,9986,BizCorp_0078,APAC,Retail,Premium,35,27014
ACC_0078,2026-06,25,14009,11656,BizCorp_0078,APAC,Retail,Premium,35,27014
ACC_0078,2026-07,30,16755,13987,BizCorp_0078,APAC,Retail,Premium,35,27014
ACC_0078,2026-08,35,20353,16785,BizCorp_0078,APAC,Retail,Premium,35,27014
ACC_0079,2026-03,9,5986,4920,BizCorp_0079,APAC,Technology,Standard,13,9616
ACC_0079,2026-04,10,5683,4592,BizCorp_0079,APAC,Technology,Standard,13,9616
ACC_0079,2026-05,8,5520,4268,BizCorp_0079,APAC,Technology,Standard,13,9616
ACC_0079,2026-06,11,6485,5161,BizCorp_0079,APAC,Technology,Standard,13,9616
ACC_0079,2026-07,13,7774,6194,BizCorp_0079,APAC,Technology,Standard,13,9616
ACC_0079,2026-08,13,9035,7433,BizCorp_0079,APAC,Technology,Standard,13,9616
ACC_0080,2026-03,179,100010,78858,BizCorp_0080,APAC,Logistics,Enterprise,276,206743
ACC_0080,2026-04,162,88782,80251,BizCorp_0080,APAC,Logistics,Enterprise,276,206743
ACC_0080,2026-05,190,74189,67214,BizCorp_0080,APAC,Logistics,Enterprise,276,206743
ACC_0080,2026-06,168,84392,68163,BizCorp_0080,APAC,Logistics,Enterprise,276,206743
ACC_0080,2026-07,171,105814,82403,BizCorp_0080,APAC,Logistics,Enterprise,276,206743
ACC_0080,2026-08,187,90675,81509,BizCorp_0080,APAC,Logistics,Enterprise,276,206743
ACC_0081,2026-03,56,31848,27097,BizCorp_0081,EMEA,Financial Services,Premium,85,52016
ACC_0081,2026-04,56,32511,26944,BizCorp_0081,EMEA,Financial Services,Premium,85,52016
ACC_0081,2026-05,52,36566,28713,BizCorp_0081,EMEA,Financial Services,Premium,85,52016
ACC_0081,2026-06,53,34308,29759,BizCorp_0081,EMEA,Financial Services,Premium,85,52016
ACC_0081,2026-07,51,35848,31016,BizCorp_0081,EMEA,Financial Services,Premium,85,52016
ACC_0081,2026-08,49,40043,30887,BizCorp_0081,EMEA,Financial Services,Premium,85,52016
ACC_0082,2026-03,12,6615,5458,BizCorp_0082,AMER,Financial Services,Standard,18,9533
ACC_0082,2026-04,13,6779,5857,BizCorp_0082,AMER,Financial Services,Standard,18,9533
ACC_0082,2026-05,12,7115,5563,BizCorp_0082,AMER,Financial Services,Standard,18,9533
ACC_0082,2026-06,6,3236,2745,BizCorp_0082,AMER,Financial Services,Standard,18,9533
ACC_0082,2026-07,3,1603,1372,BizCorp_0082,AMER,Financial Services,Standard,18,9533
ACC_0082,2026-08,1,860,686,BizCorp_0082,AMER,Financial Services,Standard,18,9533
ACC_0083,2026-03,19,29057,24449,BizCorp_0083,EMEA,Technology,Premium,37,61753
ACC_0083,2026-04,18,29045,25469,BizCorp_0083,EMEA,Technology,Premium,37,61753
ACC_0083,2026-05,19,35888,28960,BizCorp_0083,EMEA,Technology,Premium,37,61753
ACC_0083,2026-06,17,32284,26520,BizCorp_0083,EMEA,Technology,Premium,37,61753
ACC_0083,2026-07,18,32490,26936,BizCorp_0083,EMEA,Technology,Premium,37,61753
ACC_0083,2026-08,19,26242,22189,BizCorp_0083,EMEA,Technology,Premium,37,61753
ACC_0084,2026-03,129,309050,240353,BizCorp_0084,APAC,Healthcare,Enterprise,327,389239
ACC_0084,2026-04,141,341471,267678,BizCorp_0084,APAC,Healthcare,Enterprise,327,389239
ACC_0084,2026-05,143,278501,215428,BizCorp_0084,APAC,Healthcare,Enterprise,327,389239
ACC_0084,2026-06,172,330794,284131,BizCorp_0084,APAC,Healthcare,Enterprise,327,389239
ACC_0084,2026-07,207,419098,340958,BizCorp_0084,APAC,Healthcare,Enterprise,327,389239
ACC_0084,2026-08,248,524360,409149,BizCorp_0084,APAC,Healthcare,Enterprise,327,389239
ACC_0085,2026-03,72,76286,68884,BizCorp_0085,AMER,Logistics,Enterprise,105,158654
ACC_0085,2026-04,75,77061,60797,BizCorp_0085,AMER,Logistics,Enterprise,105,158654
ACC_0085,2026-05,75,68002,53662,BizCorp_0085,AMER,Logistics,Enterprise,105,158654
ACC_0085,2026-06,73,70572,56467,BizCorp_0085,AMER,Logistics,Enterprise,105,158654
ACC_0085,2026-07,74,64673,58396,BizCorp_0085,AMER,Logistics,Enterprise,105,158654
ACC_0085,2026-08,66,82612,64255,BizCorp_0085,AMER,Logistics,Enterprise,105,158654
ACC_0086,2026-03,3,9879,7672,BizCorp_0086,APAC,Retail,Standard,6,11049
ACC_0086,2026-04,3,8666,7612,BizCorp_0086,APAC,Retail,Standard,6,11049
ACC_0086,2026-05,2,8231,6907,BizCorp_0086,APAC,Retail,Standard,6,11049
ACC_0086,2026-06,1,4425,3843,BizCorp_0086,APAC,Retail,Standard,6,11049
ACC_0086,2026-07,1,2184,1921,BizCorp_0086,APAC,Retail,Standard,6,11049
ACC_0086,2026-08,1,1197,960,BizCorp_0086,APAC,Retail,Standard,6,11049
ACC_0087,2026-03,10,6051,4730,BizCorp_0087,AMER,Manufacturing,Standard,18,7088
ACC_0087,2026-04,12,4796,4293,BizCorp_0087,AMER,Manufacturing,Standard,18,7088
ACC_0087,2026-05,11,4364,3869,BizCorp_0087,AMER,Manufacturing,Standard,18,7088
ACC_0087,2026-06,5,2487,2136,BizCorp_0087,AMER,Manufacturing,Standard,18,7088
ACC_0087,2026-07,2,1227,1068,BizCorp_0087,AMER,Manufacturing,Standard,18,7088
ACC_0087,2026-08,1,615,534,BizCorp_0087,AMER,Manufacturing,Standard,18,7088
ACC_0088,2026-03,14,21998,18112,BizCorp_0088,AMER,Logistics,Premium,26,43449
ACC_0088,2026-04,14,19423,16930,BizCorp_0088,AMER,Logistics,Premium,26,43449
ACC_0088,2026-05,15,19798,17491,BizCorp_0088,AMER,Logistics,Premium,26,43449
ACC_0088,2026-06,15,25446,19918,BizCorp_0088,AMER,Logistics,Premium,26,43449
ACC_0088,2026-07,15,22937,18683,BizCorp_0088,AMER,Logistics,Premium,26,43449
ACC_0088,2026-08,16,19418,16972,BizCorp_0088,AMER,Logistics,Premium,26,43449
ACC_0089,2026-03,5,6208,5005,BizCorp_0089,APAC,Healthcare,Standard,8,10794
ACC_0089,2026-04,5,7063,5604,BizCorp_0089,APAC,Healthcare,Standard,8,10794
ACC_0089,2026-05,5,6935,5611,BizCorp_0089,APAC,Healthcare,Standard,8,10794
ACC_0089,2026-06,4,6810,5651,BizCorp_0089,APAC,Healthcare,Standard,8,10794
ACC_0089,2026-07,4,6399,4986,BizCorp_0089,APAC,Healthcare,Standard,8,10794
ACC_0089,2026-08,4,7318,5715,BizCorp_0089,APAC,Healthcare,Standard,8,10794
ACC_0090,2026-03,294,73636,65557,BizCorp_0090,AMER,Technology,Enterprise,484,181030
ACC_0090,2026-04,286,74678,66785,BizCorp_0090,AMER,Technology,Enterprise,484,181030
ACC_0090,2026-05,305,84769,71194,BizCorp_0090,AMER,Technology,Enterprise,484,181030
ACC_0090,2026-06,305,71489,64315,BizCorp_0090,AMER,Technology,Enterprise,484,181030
ACC_0090,2026-07,302,88568,71159,BizCorp_0090,AMER,Technology,Enterprise,484,181030
ACC_0090,2026-08,298,89122,71346,BizCorp_0090,AMER,Technology,Enterprise,484,181030
ACC_0091,2026-03,6,3496,2717,BizCorp_0091,AMER,Logistics,Standard,18,5406
ACC_0091,2026-04,6,2958,2674,BizCorp_0091,AMER,Logistics,Standard,18,5406
ACC_0091,2026-05,7,3204,2557,BizCorp_0091,AMER,Logistics,Standard,18,5406
ACC_0091,2026-06,8,2924,2470,BizCorp_0091,AMER,Logistics,Standard,18,5406
ACC_0091,2026-07,8,2908,2283,BizCorp_0091,AMER,Logistics,Standard,18,5406
ACC_0091,2026-08,8,2816,2278,BizCorp_0091,AMER,Logistics,Standard,18,5406
ACC_0092,2026-03,45,38854,32224,BizCorp_0092,APAC,Logistics,Premium,73,72575
ACC_0092,2026-04,50,32158,29217,BizCorp_0092,APAC,Logistics,Premium,73,72575
ACC_0092,2026-05,43,36966,29940,BizCorp_0092,APAC,Logistics,Premium,73,72575
ACC_0092,2026-06,48,40688,32173,BizCorp_0092,APAC,Logistics,Premium,73,72575
ACC_0092,2026-07,45,35112,30397,BizCorp_0092,APAC,Logistics,Premium,73,72575
ACC_0092,2026-08,52,38188,34019,BizCorp_0092,APAC,Logistics,Premium,73,72575
ACC_0093,2026-03,9,5268,4732,BizCorp_0093,APAC,Financial Services,Standard,13,7608
ACC_0093,2026-04,8,6232,5049,BizCorp_0093,APAC,Financial Services,Standard,13,7608
ACC_0093,2026-05,9,5253,4738,BizCorp_0093,APAC,Financial Services,Standard,13,7608
ACC_0093,2026-06,10,7313,6157,BizCorp_0093,APAC,Financial Services,Standard,13,7608
ACC_0093,2026-07,12,8925,7389,BizCorp_0093,APAC,Financial Services,Standard,13,7608
ACC_0093,2026-08,13,11091,8867,BizCorp_0093,APAC,Financial Services,Standard,13,7608
ACC_0094,2026-03,10,48475,39890,BizCorp_0094,AMER,Technology,Premium,25,50847
ACC_0094,2026-04,11,48473,38359,BizCorp_0094,AMER,Technology,Premium,25,50847
ACC_0094,2026-05,10,51189,39463,BizCorp_0094,AMER,Technology,Premium,25,50847
ACC_0094,2026-06,11,39894,34540,BizCorp_0094,AMER,Technology,Premium,25,50847
ACC_0094,2026-07,11,45435,36435,BizCorp_0094,AMER,Technology,Premium,25,50847
ACC_0094,2026-08,10,45250,37361,BizCorp_0094,AMER,Technology,Premium,25,50847
ACC_0095,2026-03,53,34197,29386,BizCorp_0095,AMER,Technology,Premium,65,40000
ACC_0095,2026-04,50,28462,24217,BizCorp_0095,AMER,Technology,Premium,65,40000
ACC_0095,2026-05,53,34095,26850,BizCorp_0095,AMER,Technology,Premium,65,40000
ACC_0095,2026-06,49,36258,28750,BizCorp_0095,AMER,Technology,Premium,65,40000
ACC_0095,2026-07,55,35664,27571,BizCorp_0095,AMER,Technology,Premium,65,40000
ACC_0095,2026-08,51,27673,24094,BizCorp_0095,AMER,Technology,Premium,65,40000
ACC_0096,2026-03,5,4436,3675,BizCorp_0096,EMEA,Manufacturing,Standard,11,11528
ACC_0096,2026-04,6,3888,3308,BizCorp_0096,EMEA,Manufacturing,Standard,11,11528
ACC_0096,2026-05,5,3671,3294,BizCorp_0096,EMEA,Manufacturing,Standard,11,11528
ACC_0096,2026-06,6,4842,3923,BizCorp_0096,EMEA,Manufacturing,Standard,11,11528
ACC_0096,2026-07,5,4470,3489,BizCorp_0096,EMEA,Manufacturing,Standard,11,11528
ACC_0096,2026-08,5,4903,4292,BizCorp_0096,EMEA,Manufacturing,Standard,11,11528
ACC_0097,2026-03,11,4256,3706,BizCorp_0097,APAC,Retail,Standard,13,10753
ACC_0097,2026-04,10,4361,3399,BizCorp_0097,APAC,Retail,Standard,13,10753
ACC_0097,2026-05,10,4749,4038,BizCorp_0097,APAC,Retail,Standard,13,10753
ACC_0097,2026-06,10,4116,3572,BizCorp_0097,APAC,Retail,Standard,13,10753
ACC_0097,2026-07,10,4173,3727,BizCorp_0097,APAC,Retail,Standard,13,10753
ACC_0097,2026-08,11,4686,3696,BizCorp_0097,APAC,Retail,Standard,13,10753
ACC_0098,2026-03,49,20089,17791,BizCorp_0098,AMER,Financial Services,Premium,89,41702
ACC_0098,2026-04,46,26683,21947,BizCorp_0098,AMER,Financial Services,Premium,89,41702
ACC_0098,2026-05,47,20276,17390,BizCorp_0098,AMER,Financial Services,Premium,89,41702
ACC_0098,2026-06,47,25624,21356,BizCorp_0098,AMER,Financial Services,Premium,89,41702
ACC_0098,2026-07,50,23594,20491,BizCorp_0098,AMER,Financial Services,Premium,89,41702
ACC_0098,2026-08,51,27185,22132,BizCorp_0098,AMER,Financial Services,Premium,89,41702
ACC_0099,2026-03,24,37137,30710,BizCorp_0099,EMEA,Financial Services,Premium,43,58049
ACC_0099,2026-04,23,49911,38451,BizCorp_0099,EMEA,Financial Services,Premium,43,58049
ACC_0099,2026-05,27,43962,34676,BizCorp_0099,EMEA,Financial Services,Premium,43,58049
ACC_0099,2026-06,30,46060,41315,BizCorp_0099,EMEA,Financial Services,Premium,43,58049
ACC_0099,2026-07,36,62646,49578,BizCorp_0099,EMEA,Financial Services,Premium,43,58049
ACC_0099,2026-08,43,66019,59493,BizCorp_0099,EMEA,Financial Services,Premium,43,58049
ACC_0100,2026-03,9,7948,7214,BizCorp_0100,APAC,Manufacturing,Standard,18,10663
ACC_0100,2026-04,10,7994,6534,BizCorp_0100,APAC,Manufacturing,Standard,18,10663
ACC_0100,2026-05,10,8411,7029,BizCorp_0100,APAC,Manufacturing,Standard,18,10663
ACC_0100,2026-06,10,7004,5787,BizCorp_0100,APAC,Manufacturing,Standard,18,10663
ACC_0100,2026-07,9,7913,6852,BizCorp_0100,APAC,Manufacturing,Standard,18,10663
ACC_0100,2026-08,11,7333,5808,BizCorp_0100,APAC,Manufacturing,Standard,18,10663
